"0","adelie_flip = na.omit(subset(penguins, species == ""Adelie"")$flipper_length_mm)"
"0","chinstrap_flip = na.omit(subset(penguins, species == ""Chinstrap"")$flipper_length_mm)"
"0",""
"0","pen_boot = two.boot(adelie_flip, chinstrap_flip, FUN = mean, R = 10000)"
"0","pen_boot$t"
"1","        "
"1","       [,1]"
"1","
    [1,]"
"1","  -4.798208"
"1","
    [2,]"
"1","  -6.483346"
"1","
    [3,]"
"1","  -7.210265"
"1","
    [4,]"
"1","  -7.777659"
"1","
    [5,]"
"1","  -6.452182"
"1","
    [6,]"
"1","  -5.344468"
"1","
    [7,]"
"1","  -4.168485"
"1","
    [8,]"
"1","  -5.170530"
"1","
    [9,]"
"1","  -6.091936"
"1","
   [10,]"
"1","  -5.717959"
"1","
   [11,]"
"1","  -5.697117"
"1","
   [12,]"
"1","  -5.546358"
"1","
   [13,]"
"1","  -5.195754"
"1","
   [14,]"
"1","  -6.359466"
"1","
   [15,]"
"1","  -5.634496"
"1","
   [16,]"
"1","  -7.645501"
"1","
   [17,]"
"1","  -4.382450"
"1","
   [18,]"
"1","  -3.915952"
"1","
   [19,]"
"1","  -5.868037"
"1","
   [20,]"
"1","  -6.469127"
"1","
   [21,]"
"1","  -6.142579"
"1","
   [22,]"
"1","  -6.773666"
"1","
   [23,]"
"1","  -5.045578"
"1","
   [24,]"
"1","  -4.646280"
"1","
   [25,]"
"1","  -5.773081"
"1","
   [26,]"
"1","  -4.873296"
"1","
   [27,]"
"1","  -6.657674"
"1","
   [28,]"
"1","  -6.464647"
"1","
   [29,]"
"1","  -4.171893"
"1","
   [30,]"
"1","  -4.769381"
"1","
   [31,]"
"1","  -7.344663"
"1","
   [32,]"
"1","  -6.319439"
"1","
   [33,]"
"1","  -5.086774"
"1","
   [34,]"
"1","  -4.214842"
"1","
   [35,]"
"1","  -6.154071"
"1","
   [36,]"
"1","  -6.188839"
"1","
   [37,]"
"1","  -6.638391"
"1","
   [38,]"
"1","  -6.636443"
"1","
   [39,]"
"1","  -7.209973"
"1","
   [40,]"
"1","  -5.068660"
"1","
   [41,]"
"1","  -5.575575"
"1","
   [42,]"
"1","  -4.837261"
"1","
   [43,]"
"1","  -5.515777"
"1","
   [44,]"
"1","  -7.051909"
"1","
   [45,]"
"1","  -8.189813"
"1","
   [46,]"
"1","  -6.787300"
"1","
   [47,]"
"1","  -5.974873"
"1","
   [48,]"
"1","  -6.729061"
"1","
   [49,]"
"1","  -6.076646"
"1","
   [50,]"
"1","  -4.656213"
"1","
   [51,]"
"1","  -5.019186"
"1","
   [52,]"
"1","  -6.001169"
"1","
   [53,]"
"1","  -4.763635"
"1","
   [54,]"
"1","  -4.972244"
"1","
   [55,]"
"1","  -6.142384"
"1","
   [56,]"
"1","  -6.785840"
"1","
   [57,]"
"1","  -6.204032"
"1","
   [58,]"
"1","  -6.518309"
"1","
   [59,]"
"1","  -4.823335"
"1","
   [60,]"
"1","  -5.706369"
"1","
   [61,]"
"1","  -4.795481"
"1","
   [62,]"
"1","  -5.838722"
"1","
   [63,]"
"1","  -7.321289"
"1","
   [64,]"
"1","  -3.637417"
"1","
   [65,]"
"1","  -4.187378"
"1","
   [66,]"
"1","  -6.323529"
"1","
   [67,]"
"1","  -5.322166"
"1","
   [68,]"
"1","  -7.815836"
"1","
   [69,]"
"1","  -6.218835"
"1","
   [70,]"
"1","  -5.461044"
"1","
   [71,]"
"1","  -5.094273"
"1","
   [72,]"
"1","  -4.845345"
"1","
   [73,]"
"1","  -6.460947"
"1","
   [74,]"
"1","  -6.535937"
"1","
   [75,]"
"1","  -5.474386"
"1","
   [76,]"
"1","  -6.411083"
"1","
   [77,]"
"1","  -5.590475"
"1","
   [78,]"
"1","  -3.158064"
"1","
   [79,]"
"1","  -6.202279"
"1","
   [80,]"
"1","  -6.298013"
"1","
   [81,]"
"1","  -4.988216"
"1","
   [82,]"
"1","  -5.375146"
"1","
   [83,]"
"1","  -7.720101"
"1","
   [84,]"
"1","  -7.076743"
"1","
   [85,]"
"1","  -5.799279"
"1","
   [86,]"
"1","  -4.262953"
"1","
   [87,]"
"1","  -6.556973"
"1","
   [88,]"
"1","  -5.738898"
"1","
   [89,]"
"1","  -7.681632"
"1","
   [90,]"
"1","  -5.132353"
"1","
   [91,]"
"1","  -5.892189"
"1","
   [92,]"
"1","  -5.273374"
"1","
   [93,]"
"1","  -5.392384"
"1","
   [94,]"
"1","  -5.336677"
"1","
   [95,]"
"1","  -4.130989"
"1","
   [96,]"
"1","  -5.638002"
"1","
   [97,]"
"1","  -6.935430"
"1","
   [98,]"
"1","  -4.855668"
"1","
   [99,]"
"1","  -5.412641"
"1","
  [100,]"
"1","  -4.638683"
"1","
  [101,]"
"1","  -5.951110"
"1","
  [102,]"
"1","  -5.430171"
"1","
  [103,]"
"1","  -6.047721"
"1","
  [104,]"
"1","  -4.672380"
"1","
  [105,]"
"1","  -4.619400"
"1","
  [106,]"
"1","  -7.241332"
"1","
  [107,]"
"1","  -7.327620"
"1","
  [108,]"
"1","  -7.516751"
"1","
  [109,]"
"1","  -4.589307"
"1","
  [110,]"
"1","  -6.784184"
"1","
  [111,]"
"1","  -5.918582"
"1","
  [112,]"
"1","  -6.393455"
"1","
  [113,]"
"1","  -5.491040"
"1","
  [114,]"
"1","  -6.741722"
"1","
  [115,]"
"1","  -4.991040"
"1","
  [116,]"
"1","  -4.911083"
"1","
  [117,]"
"1","  -7.808726"
"1","
  [118,]"
"1","  -4.081515"
"1","
  [119,]"
"1","  -4.278535"
"1","
  [120,]"
"1","  -6.742988"
"1","
  [121,]"
"1","  -6.399981"
"1","
  [122,]"
"1","  -6.345832"
"1","
  [123,]"
"1","  -5.192150"
"1","
  [124,]"
"1","  -4.511687"
"1","
  [125,]"
"1","  -5.824211"
"1","
  [126,]"
"1","  -5.781067"
"1","
  [127,]"
"1","  -7.522205"
"1","
  [128,]"
"1","  -5.415660"
"1","
  [129,]"
"1","  -5.818952"
"1","
  [130,]"
"1","  -7.346124"
"1","
  [131,]"
"1","  -5.159622"
"1","
  [132,]"
"1","  -6.238703"
"1","
  [133,]"
"1","  -5.961044"
"1","
  [134,]"
"1","  -5.711239"
"1","
  [135,]"
"1","  -4.879918"
"1","
  [136,]"
"1","  -6.676958"
"1","
  [137,]"
"1","  -4.212992"
"1","
  [138,]"
"1","  -5.169848"
"1","
  [139,]"
"1","  -5.076256"
"1","
  [140,]"
"1","  -6.897059"
"1","
  [141,]"
"1","  -5.742209"
"1","
  [142,]"
"1","  -5.913128"
"1","
  [143,]"
"1","  -5.484905"
"1","
  [144,]"
"1","  -6.358882"
"1","
  [145,]"
"1","  -5.257889"
"1","
  [146,]"
"1","  -6.619303"
"1","
  [147,]"
"1","  -3.652220"
"1","
  [148,]"
"1","  -5.732275"
"1","
  [149,]"
"1","  -6.805610"
"1","
  [150,]"
"1","  -5.222244"
"1","
  [151,]"
"1","  -4.910986"
"1","
  [152,]"
"1","  -6.324114"
"1","
  [153,]"
"1","  -5.353136"
"1","
  [154,]"
"1","  -6.836482"
"1","
  [155,]"
"1","  -5.598559"
"1","
  [156,]"
"1","  -4.563109"
"1","
  [157,]"
"1","  -4.952668"
"1","
  [158,]"
"1","  -6.227406"
"1","
  [159,]"
"1","  -4.003116"
"1","
  [160,]"
"1","  -5.105084"
"1","
  [161,]"
"1","  -5.563206"
"1","
  [162,]"
"1","  -6.449065"
"1","
  [163,]"
"1","  -6.377483"
"1","
  [164,]"
"1","  -5.660888"
"1","
  [165,]"
"1","  -5.301714"
"1","
  [166,]"
"1","  -5.492014"
"1","
  [167,]"
"1","  -6.910596"
"1","
  [168,]"
"1","  -4.392384"
"1","
  [169,]"
"1","  -5.339014"
"1","
  [170,]"
"1","  -6.849435"
"1","
  [171,]"
"1","  -5.734612"
"1","
  [172,]"
"1","  -4.397448"
"1","
  [173,]"
"1","  -6.026490"
"1","
  [174,]"
"1","  -4.605376"
"1","
  [175,]"
"1","  -4.492988"
"1","
  [176,]"
"1","  -4.420530"
"1","
  [177,]"
"1","  -6.160596"
"1","
  [178,]"
"1","  -5.225555"
"1","
  [179,]"
"1","  -3.143553"
"1","
  [180,]"
"1","  -5.469030"
"1","
  [181,]"
"1","  -7.255454"
"1","
  [182,]"
"1","  -5.344955"
"1","
  [183,]"
"1","  -5.889073"
"1","
  [184,]"
"1","  -5.850506"
"1","
  [185,]"
"1","  -7.172770"
"1","
  [186,]"
"1","  -6.932509"
"1","
  [187,]"
"1","  -5.871153"
"1","
  [188,]"
"1","  -6.257304"
"1","
  [189,]"
"1","  -6.423938"
"1","
  [190,]"
"1","  -5.294605"
"1","
  [191,]"
"1","  -4.907869"
"1","
  [192,]"
"1","  -7.156506"
"1","
  [193,]"
"1","  -6.331710"
"1","
  [194,]"
"1","  -5.124659"
"1","
  [195,]"
"1","  -4.838527"
"1","
  [196,]"
"1","  -7.089112"
"1","
  [197,]"
"1","  -6.109564"
"1","
  [198,]"
"1","  -5.626899"
"1","
  [199,]"
"1","  -5.723899"
"1","
  [200,]"
"1","  -5.473510"
"1","
  [201,]"
"1","  -4.178613"
"1","
  [202,]"
"1","  -7.290709"
"1","
  [203,]"
"1","  -5.097195"
"1","
  [204,]"
"1","  -5.607032"
"1","
  [205,]"
"1","  -6.751558"
"1","
  [206,]"
"1","  -6.193027"
"1","
  [207,]"
"1","  -5.429100"
"1","
  [208,]"
"1","  -6.343689"
"1","
  [209,]"
"1","  -5.827717"
"1","
  [210,]"
"1","  -5.432606"
"1","
  [211,]"
"1","  -4.800838"
"1","
  [212,]"
"1","  -6.816225"
"1","
  [213,]"
"1","  -5.289053"
"1","
  [214,]"
"1","  -6.628555"
"1","
  [215,]"
"1","  -6.206272"
"1","
  [216,]"
"1","  -5.599338"
"1","
  [217,]"
"1","  -4.211044"
"1","
  [218,]"
"1","  -6.575672"
"1","
  [219,]"
"1","  -8.125146"
"1","
  [220,]"
"1","  -4.998150"
"1","
  [221,]"
"1","  -7.065446"
"1","
  [222,]"
"1","  -5.898422"
"1","
  [223,]"
"1","  -5.393163"
"1","
  [224,]"
"1","  -3.396182"
"1","
  [225,]"
"1","  -6.491527"
"1","
  [226,]"
"1","  -6.074795"
"1","
  [227,]"
"1","  -4.502045"
"1","
  [228,]"
"1","  -5.652902"
"1","
  [229,]"
"1","  -5.064570"
"1","
  [230,]"
"1","  -4.746591"
"1","
  [231,]"
"1","  -5.132256"
"1","
  [232,]"
"1","  -4.312524"
"1","
  [233,]"
"1","  -5.296552"
"1","
  [234,]"
"1","  -4.429392"
"1","
  [235,]"
"1","  -7.447020"
"1","
  [236,]"
"1","  -5.384496"
"1","
  [237,]"
"1","  -5.399981"
"1","
  [238,]"
"1","  -5.737437"
"1","
  [239,]"
"1","  -5.224581"
"1","
  [240,]"
"1","  -4.909427"
"1","
  [241,]"
"1","  -4.706564"
"1","
  [242,]"
"1","  -6.002824"
"1","
  [243,]"
"1","  -6.403681"
"1","
  [244,]"
"1","  -6.571289"
"1","
  [245,]"
"1","  -5.864628"
"1","
  [246,]"
"1","  -6.539248"
"1","
  [247,]"
"1","  -6.750390"
"1","
  [248,]"
"1","  -4.249610"
"1","
  [249,]"
"1","  -8.303467"
"1","
  [250,]"
"1","  -6.135762"
"1","
  [251,]"
"1","  -6.942832"
"1","
  [252,]"
"1","  -5.612583"
"1","
  [253,]"
"1","  -5.054928"
"1","
  [254,]"
"1","  -6.786132"
"1","
  [255,]"
"1","  -7.620082"
"1","
  [256,]"
"1","  -7.035255"
"1","
  [257,]"
"1","  -6.393358"
"1","
  [258,]"
"1","  -6.552006"
"1","
  [259,]"
"1","  -6.903584"
"1","
  [260,]"
"1","  -7.172283"
"1","
  [261,]"
"1","  -7.169751"
"1","
  [262,]"
"1","  -5.958025"
"1","
  [263,]"
"1","  -6.363265"
"1","
  [264,]"
"1","  -6.990164"
"1","
  [265,]"
"1","  -6.631184"
"1","
  [266,]"
"1","  -4.733444"
"1","
  [267,]"
"1","  -6.628068"
"1","
  [268,]"
"1","  -5.805610"
"1","
  [269,]"
"1","  -6.580736"
"1","
  [270,]"
"1","  -4.096319"
"1","
  [271,]"
"1","  -4.512466"
"1","
  [272,]"
"1","  -6.192345"
"1","
  [273,]"
"1","  -4.760323"
"1","
  [274,]"
"1","  -5.014511"
"1","
  [275,]"
"1","  -6.973315"
"1","
  [276,]"
"1","  -4.602649"
"1","
  [277,]"
"1","  -5.275516"
"1","
  [278,]"
"1","  -6.433677"
"1","
  [279,]"
"1","  -5.209486"
"1","
  [280,]"
"1","  -5.119011"
"1","
  [281,]"
"1","  -6.282333"
"1","
  [282,]"
"1","  -5.626120"
"1","
  [283,]"
"1","  -6.570316"
"1","
  [284,]"
"1","  -5.149981"
"1","
  [285,]"
"1","  -5.050545"
"1","
  [286,]"
"1","  -6.555707"
"1","
  [287,]"
"1","  -5.102746"
"1","
  [288,]"
"1","  -6.535840"
"1","
  [289,]"
"1","  -6.093884"
"1","
  [290,]"
"1","  -7.151831"
"1","
  [291,]"
"1","  -6.114141"
"1","
  [292,]"
"1","  -5.554344"
"1","
  [293,]"
"1","  -4.897741"
"1","
  [294,]"
"1","  -4.840280"
"1","
  [295,]"
"1","  -8.539930"
"1","
  [296,]"
"1","  -7.213576"
"1","
  [297,]"
"1","  -5.358590"
"1","
  [298,]"
"1","  -6.045871"
"1","
  [299,]"
"1","  -7.086190"
"1","
  [300,]"
"1","  -5.863459"
"1","
  [301,]"
"1","  -7.387028"
"1","
  [302,]"
"1","  -5.799961"
"1","
  [303,]"
"1","  -4.799864"
"1","
  [304,]"
"1","  -4.333658"
"1","
  [305,]"
"1","  -5.006428"
"1","
  [306,]"
"1","  -8.204324"
"1","
  [307,]"
"1","  -5.428321"
"1","
  [308,]"
"1","  -5.982080"
"1","
  [309,]"
"1","  -3.060284"
"1","
  [310,]"
"1","  -5.639073"
"1","
  [311,]"
"1","  -6.470978"
"1","
  [312,]"
"1","  -7.216011"
"1","
  [313,]"
"1","  -7.264608"
"1","
  [314,]"
"1","  -5.894040"
"1","
  [315,]"
"1","  -6.006330"
"1","
  [316,]"
"1","  -7.426471"
"1","
  [317,]"
"1","  -6.447215"
"1","
  [318,]"
"1","  -6.462505"
"1","
  [319,]"
"1","  -6.713187"
"1","
  [320,]"
"1","  -6.620179"
"1","
  [321,]"
"1","  -5.278340"
"1","
  [322,]"
"1","  -5.896961"
"1","
  [323,]"
"1","  -6.022887"
"1","
  [324,]"
"1","  -7.669945"
"1","
  [325,]"
"1","  -5.457928"
"1","
  [326,]"
"1","  -8.144624"
"1","
  [327,]"
"1","  -5.180561"
"1","
  [328,]"
"1","  -5.175205"
"1","
  [329,]"
"1","  -7.767335"
"1","
  [330,]"
"1","  -6.554149"
"1","
  [331,]"
"1","  -5.379236"
"1","
  [332,]"
"1","  -6.599143"
"1","
  [333,]"
"1","  -6.276782"
"1","
  [334,]"
"1","  -5.989677"
"1","
  [335,]"
"1","  -7.005259"
"1","
  [336,]"
"1","  -6.050156"
"1","
  [337,]"
"1","  -6.730717"
"1","
  [338,]"
"1","  -6.543923"
"1","
  [339,]"
"1","  -4.890144"
"1","
  [340,]"
"1","  -6.644819"
"1","
  [341,]"
"1","  -5.102552"
"1","
  [342,]"
"1","  -7.842326"
"1","
  [343,]"
"1","  -5.573140"
"1","
  [344,]"
"1","  -6.603039"
"1","
  [345,]"
"1","  -6.272789"
"1","
  [346,]"
"1","  -7.201695"
"1","
  [347,]"
"1","  -5.669751"
"1","
  [348,]"
"1","  -5.388099"
"1","
  [349,]"
"1","  -5.863265"
"1","
  [350,]"
"1","  -4.254285"
"1","
  [351,]"
"1","  -4.137904"
"1","
  [352,]"
"1","  -4.958512"
"1","
  [353,]"
"1","  -8.204422"
"1","
  [354,]"
"1","  -5.250000"
"1","
  [355,]"
"1","  -5.006136"
"1","
  [356,]"
"1","  -5.584242"
"1","
  [357,]"
"1","  -6.031847"
"1","
  [358,]"
"1","  -6.631671"
"1","
  [359,]"
"1","  -5.192540"
"1","
  [360,]"
"1","  -6.281457"
"1","
  [361,]"
"1","  -6.315349"
"1","
  [362,]"
"1","  -5.232762"
"1","
  [363,]"
"1","  -5.449455"
"1","
  [364,]"
"1","  -5.955882"
"1","
  [365,]"
"1","  -6.263537"
"1","
  [366,]"
"1","  -6.903779"
"1","
  [367,]"
"1","  -6.366868"
"1","
  [368,]"
"1","  -6.892384"
"1","
  [369,]"
"1","  -4.396572"
"1","
  [370,]"
"1","  -5.016654"
"1","
  [371,]"
"1","  -5.379821"
"1","
  [372,]"
"1","  -7.557850"
"1","
  [373,]"
"1","  -4.418874"
"1","
  [374,]"
"1","  -7.047234"
"1","
  [375,]"
"1","  -6.526490"
"1","
  [376,]"
"1","  -6.118621"
"1","
  [377,]"
"1","  -5.966985"
"1","
  [378,]"
"1","  -6.118329"
"1","
  [379,]"
"1","  -7.393066"
"1","
  [380,]"
"1","  -5.625536"
"1","
  [381,]"
"1","  -7.912446"
"1","
  [382,]"
"1","  -5.139949"
"1","
  [383,]"
"1","  -7.467180"
"1","
  [384,]"
"1","  -2.965037"
"1","
  [385,]"
"1","  -5.347682"
"1","
  [386,]"
"1","  -5.637222"
"1","
  [387,]"
"1","  -6.704324"
"1","
  [388,]"
"1","  -5.546455"
"1","
  [389,]"
"1","  -5.245910"
"1","
  [390,]"
"1","  -7.160401"
"1","
  [391,]"
"1","  -7.823140"
"1","
  [392,]"
"1","  -3.802396"
"1","
  [393,]"
"1","  -6.126120"
"1","
  [394,]"
"1","  -7.811648"
"1","
  [395,]"
"1","  -6.197896"
"1","
  [396,]"
"1","  -6.353039"
"1","
  [397,]"
"1","  -5.311843"
"1","
  [398,]"
"1","  -5.497370"
"1","
  [399,]"
"1","  -5.628652"
"1","
  [400,]"
"1","  -6.310577"
"1","
  [401,]"
"1","  -5.797429"
"1","
  [402,]"
"1","  -5.434067"
"1","
  [403,]"
"1","  -5.778633"
"1","
  [404,]"
"1","  -5.914297"
"1","
  [405,]"
"1","  -5.203935"
"1","
  [406,]"
"1","  -6.012661"
"1","
  [407,]"
"1","  -6.679684"
"1","
  [408,]"
"1","  -6.593787"
"1","
  [409,]"
"1","  -4.961336"
"1","
  [410,]"
"1","  -5.907674"
"1","
  [411,]"
"1","  -6.634690"
"1","
  [412,]"
"1","  -7.720880"
"1","
  [413,]"
"1","  -4.845540"
"1","
  [414,]"
"1","  -6.923646"
"1","
  [415,]"
"1","  -5.200818"
"1","
  [416,]"
"1","  -5.278535"
"1","
  [417,]"
"1","  -5.025419"
"1","
  [418,]"
"1","  -5.100799"
"1","
  [419,]"
"1","  -6.406408"
"1","
  [420,]"
"1","  -7.200136"
"1","
  [421,]"
"1","  -5.985002"
"1","
  [422,]"
"1","  -3.834145"
"1","
  [423,]"
"1","  -5.928905"
"1","
  [424,]"
"1","  -6.249318"
"1","
  [425,]"
"1","  -6.075282"
"1","
  [426,]"
"1","  -4.337067"
"1","
  [427,]"
"1","  -7.011492"
"1","
  [428,]"
"1","  -6.161959"
"1","
  [429,]"
"1","  -5.261297"
"1","
  [430,]"
"1","  -4.807460"
"1","
  [431,]"
"1","  -6.659233"
"1","
  [432,]"
"1","  -6.836287"
"1","
  [433,]"
"1","  -4.209388"
"1","
  [434,]"
"1","  -7.957830"
"1","
  [435,]"
"1","  -4.758862"
"1","
  [436,]"
"1","  -5.776782"
"1","
  [437,]"
"1","  -6.889170"
"1","
  [438,]"
"1","  -5.800545"
"1","
  [439,]"
"1","  -6.259642"
"1","
  [440,]"
"1","  -6.433775"
"1","
  [441,]"
"1","  -5.520549"
"1","
  [442,]"
"1","  -4.484515"
"1","
  [443,]"
"1","  -6.839988"
"1","
  [444,]"
"1","  -5.847877"
"1","
  [445,]"
"1","  -6.426763"
"1","
  [446,]"
"1","  -6.890923"
"1","
  [447,]"
"1","  -4.306681"
"1","
  [448,]"
"1","  -6.092520"
"1","
  [449,]"
"1","  -6.089696"
"1","
  [450,]"
"1","  -6.795092"
"1","
  [451,]"
"1","  -4.644235"
"1","
  [452,]"
"1","  -6.614141"
"1","
  [453,]"
"1","  -5.139560"
"1","
  [454,]"
"1","  -4.868524"
"1","
  [455,]"
"1","  -4.510421"
"1","
  [456,]"
"1","  -5.184554"
"1","
  [457,]"
"1","  -5.287106"
"1","
  [458,]"
"1","  -8.536229"
"1","
  [459,]"
"1","  -4.305415"
"1","
  [460,]"
"1","  -5.220686"
"1","
  [461,]"
"1","  -6.368816"
"1","
  [462,]"
"1","  -5.416926"
"1","
  [463,]"
"1","  -2.989190"
"1","
  [464,]"
"1","  -5.259739"
"1","
  [465,]"
"1","  -6.204129"
"1","
  [466,]"
"1","  -3.396377"
"1","
  [467,]"
"1","  -4.883229"
"1","
  [468,]"
"1","  -6.850896"
"1","
  [469,]"
"1","  -7.959875"
"1","
  [470,]"
"1","  -6.318855"
"1","
  [471,]"
"1","  -6.767725"
"1","
  [472,]"
"1","  -6.794312"
"1","
  [473,]"
"1","  -8.002045"
"1","
  [474,]"
"1","  -5.262271"
"1","
  [475,]"
"1","  -6.243475"
"1","
  [476,]"
"1","  -6.281944"
"1","
  [477,]"
"1","  -4.818076"
"1","
  [478,]"
"1","  -7.836190"
"1","
  [479,]"
"1","  -7.009155"
"1","
  [480,]"
"1","  -6.453448"
"1","
  [481,]"
"1","  -4.355473"
"1","
  [482,]"
"1","  -6.291878"
"1","
  [483,]"
"1","  -7.100604"
"1","
  [484,]"
"1","  -5.295578"
"1","
  [485,]"
"1","  -5.978087"
"1","
  [486,]"
"1","  -6.718738"
"1","
  [487,]"
"1","  -5.674912"
"1","
  [488,]"
"1","  -7.728477"
"1","
  [489,]"
"1","  -5.896377"
"1","
  [490,]"
"1","  -6.378263"
"1","
  [491,]"
"1","  -7.262076"
"1","
  [492,]"
"1","  -5.787203"
"1","
  [493,]"
"1","  -4.950721"
"1","
  [494,]"
"1","  -5.619497"
"1","
  [495,]"
"1","  -5.084242"
"1","
  [496,]"
"1","  -5.048500"
"1","
  [497,]"
"1","  -6.265582"
"1","
  [498,]"
"1","  -5.455980"
"1","
  [499,]"
"1","  -6.060479"
"1","
  [500,]"
"1","  -7.251850"
"1","
  [501,]"
"1","  -6.648812"
"1","
  [502,]"
"1","  -7.094566"
"1","
  [503,]"
"1","  -4.693222"
"1","
  [504,]"
"1","  -5.577230"
"1","
  [505,]"
"1","  -8.092715"
"1","
  [506,]"
"1","  -5.818563"
"1","
  [507,]"
"1","  -5.510031"
"1","
  [508,]"
"1","  -6.177347"
"1","
  [509,]"
"1","  -6.495423"
"1","
  [510,]"
"1","  -5.360440"
"1","
  [511,]"
"1","  -5.742598"
"1","
  [512,]"
"1","  -4.345540"
"1","
  [513,]"
"1","  -6.326743"
"1","
  [514,]"
"1","  -5.379334"
"1","
  [515,]"
"1","  -4.903097"
"1","
  [516,]"
"1","  -5.825185"
"1","
  [517,]"
"1","  -5.748344"
"1","
  [518,]"
"1","  -5.188352"
"1","
  [519,]"
"1","  -4.608785"
"1","
  [520,]"
"1","  -5.773958"
"1","
  [521,]"
"1","  -5.471757"
"1","
  [522,]"
"1","  -7.338527"
"1","
  [523,]"
"1","  -5.189131"
"1","
  [524,]"
"1","  -6.286619"
"1","
  [525,]"
"1","  -5.510226"
"1","
  [526,]"
"1","  -7.141410"
"1","
  [527,]"
"1","  -5.634593"
"1","
  [528,]"
"1","  -7.307557"
"1","
  [529,]"
"1","  -7.075672"
"1","
  [530,]"
"1","  -4.669945"
"1","
  [531,]"
"1","  -8.082587"
"1","
  [532,]"
"1","  -7.375341"
"1","
  [533,]"
"1","  -6.322945"
"1","
  [534,]"
"1","  -6.043631"
"1","
  [535,]"
"1","  -5.639462"
"1","
  [536,]"
"1","  -5.350896"
"1","
  [537,]"
"1","  -6.772108"
"1","
  [538,]"
"1","  -6.073140"
"1","
  [539,]"
"1","  -6.221757"
"1","
  [540,]"
"1","  -5.489384"
"1","
  [541,]"
"1","  -6.959583"
"1","
  [542,]"
"1","  -5.838820"
"1","
  [543,]"
"1","  -5.241138"
"1","
  [544,]"
"1","  -5.713479"
"1","
  [545,]"
"1","  -6.693319"
"1","
  [546,]"
"1","  -5.019868"
"1","
  [547,]"
"1","  -5.306486"
"1","
  [548,]"
"1","  -6.513537"
"1","
  [549,]"
"1","  -6.017920"
"1","
  [550,]"
"1","  -5.911473"
"1","
  [551,]"
"1","  -6.605668"
"1","
  [552,]"
"1","  -6.637320"
"1","
  [553,]"
"1","  -5.733346"
"1","
  [554,]"
"1","  -6.828204"
"1","
  [555,]"
"1","  -6.506038"
"1","
  [556,]"
"1","  -5.532918"
"1","
  [557,]"
"1","  -8.299474"
"1","
  [558,]"
"1","  -7.864920"
"1","
  [559,]"
"1","  -6.167705"
"1","
  [560,]"
"1","  -3.892774"
"1","
  [561,]"
"1","  -6.197604"
"1","
  [562,]"
"1","  -5.409038"
"1","
  [563,]"
"1","  -4.645695"
"1","
  [564,]"
"1","  -6.136151"
"1","
  [565,]"
"1","  -6.423549"
"1","
  [566,]"
"1","  -5.468640"
"1","
  [567,]"
"1","  -7.889852"
"1","
  [568,]"
"1","  -5.357032"
"1","
  [569,]"
"1","  -5.603428"
"1","
  [570,]"
"1","  -4.779217"
"1","
  [571,]"
"1","  -5.354207"
"1","
  [572,]"
"1","  -4.643066"
"1","
  [573,]"
"1","  -7.393163"
"1","
  [574,]"
"1","  -5.406019"
"1","
  [575,]"
"1","  -4.840475"
"1","
  [576,]"
"1","  -5.691566"
"1","
  [577,]"
"1","  -6.670238"
"1","
  [578,]"
"1","  -4.875049"
"1","
  [579,]"
"1","  -4.411473"
"1","
  [580,]"
"1","  -6.988118"
"1","
  [581,]"
"1","  -5.005454"
"1","
  [582,]"
"1","  -5.757304"
"1","
  [583,]"
"1","  -5.816810"
"1","
  [584,]"
"1","  -7.253798"
"1","
  [585,]"
"1","  -8.532723"
"1","
  [586,]"
"1","  -7.063206"
"1","
  [587,]"
"1","  -4.528146"
"1","
  [588,]"
"1","  -6.260323"
"1","
  [589,]"
"1","  -5.334437"
"1","
  [590,]"
"1","  -5.408161"
"1","
  [591,]"
"1","  -6.497565"
"1","
  [592,]"
"1","  -6.652123"
"1","
  [593,]"
"1","  -6.656019"
"1","
  [594,]"
"1","  -6.965914"
"1","
  [595,]"
"1","  -7.707051"
"1","
  [596,]"
"1","  -6.600117"
"1","
  [597,]"
"1","  -6.958414"
"1","
  [598,]"
"1","  -6.734612"
"1","
  [599,]"
"1","  -4.623004"
"1","
  [600,]"
"1","  -5.921212"
"1","
  [601,]"
"1","  -4.611219"
"1","
  [602,]"
"1","  -6.788177"
"1","
  [603,]"
"1","  -5.498734"
"1","
  [604,]"
"1","  -6.772108"
"1","
  [605,]"
"1","  -6.580834"
"1","
  [606,]"
"1","  -6.438547"
"1","
  [607,]"
"1","  -6.540319"
"1","
  [608,]"
"1","  -5.657382"
"1","
  [609,]"
"1","  -5.448578"
"1","
  [610,]"
"1","  -4.666439"
"1","
  [611,]"
"1","  -5.555123"
"1","
  [612,]"
"1","  -4.983736"
"1","
  [613,]"
"1","  -6.282431"
"1","
  [614,]"
"1","  -7.177347"
"1","
  [615,]"
"1","  -4.827035"
"1","
  [616,]"
"1","  -6.191079"
"1","
  [617,]"
"1","  -5.677152"
"1","
  [618,]"
"1","  -5.815738"
"1","
  [619,]"
"1","  -3.922283"
"1","
  [620,]"
"1","  -5.756233"
"1","
  [621,]"
"1","  -5.284768"
"1","
  [622,]"
"1","  -7.115115"
"1","
  [623,]"
"1","  -6.057947"
"1","
  [624,]"
"1","  -5.213381"
"1","
  [625,]"
"1","  -5.120179"
"1","
  [626,]"
"1","  -4.933093"
"1","
  [627,]"
"1","  -5.413810"
"1","
  [628,]"
"1","  -4.597974"
"1","
  [629,]"
"1","  -5.994254"
"1","
  [630,]"
"1","  -4.535742"
"1","
  [631,]"
"1","  -5.626899"
"1","
  [632,]"
"1","  -5.091839"
"1","
  [633,]"
"1","  -4.625438"
"1","
  [634,]"
"1","  -5.965134"
"1","
  [635,]"
"1","  -6.064375"
"1","
  [636,]"
"1","  -6.519381"
"1","
  [637,]"
"1","  -6.858395"
"1","
  [638,]"
"1","  -6.215524"
"1","
  [639,]"
"1","  -4.888196"
"1","
  [640,]"
"1","  -4.199844"
"1","
  [641,]"
"1","  -5.997176"
"1","
  [642,]"
"1","  -6.869011"
"1","
  [643,]"
"1","  -5.440105"
"1","
  [644,]"
"1","  -4.435917"
"1","
  [645,]"
"1","  -4.109077"
"1","
  [646,]"
"1","  -4.740261"
"1","
  [647,]"
"1","  -5.748344"
"1","
  [648,]"
"1","  -5.023471"
"1","
  [649,]"
"1","  -5.441371"
"1","
  [650,]"
"1","  -5.435333"
"1","
  [651,]"
"1","  -5.445462"
"1","
  [652,]"
"1","  -5.206661"
"1","
  [653,]"
"1","  -5.900954"
"1","
  [654,]"
"1","  -6.679587"
"1","
  [655,]"
"1","  -6.881769"
"1","
  [656,]"
"1","  -6.216985"
"1","
  [657,]"
"1","  -6.173646"
"1","
  [658,]"
"1","  -6.465329"
"1","
  [659,]"
"1","  -5.085801"
"1","
  [660,]"
"1","  -4.859466"
"1","
  [661,]"
"1","  -6.730912"
"1","
  [662,]"
"1","  -2.496494"
"1","
  [663,]"
"1","  -5.781652"
"1","
  [664,]"
"1","  -4.040027"
"1","
  [665,]"
"1","  -6.253506"
"1","
  [666,]"
"1","  -4.892092"
"1","
  [667,]"
"1","  -5.415855"
"1","
  [668,]"
"1","  -6.513342"
"1","
  [669,]"
"1","  -5.731593"
"1","
  [670,]"
"1","  -5.883911"
"1","
  [671,]"
"1","  -6.170725"
"1","
  [672,]"
"1","  -8.104499"
"1","
  [673,]"
"1","  -6.176276"
"1","
  [674,]"
"1","  -6.494741"
"1","
  [675,]"
"1","  -4.035937"
"1","
  [676,]"
"1","  -7.318270"
"1","
  [677,]"
"1","  -5.968251"
"1","
  [678,]"
"1","  -7.581126"
"1","
  [679,]"
"1","  -6.934651"
"1","
  [680,]"
"1","  -6.190397"
"1","
  [681,]"
"1","  -6.697507"
"1","
  [682,]"
"1","  -6.959388"
"1","
  [683,]"
"1","  -5.500682"
"1","
  [684,]"
"1","  -4.417900"
"1","
  [685,]"
"1","  -5.353818"
"1","
  [686,]"
"1","  -5.373101"
"1","
  [687,]"
"1","  -4.912349"
"1","
  [688,]"
"1","  -4.144624"
"1","
  [689,]"
"1","  -6.600993"
"1","
  [690,]"
"1","  -4.901247"
"1","
  [691,]"
"1","  -6.258765"
"1","
  [692,]"
"1","  -6.126510"
"1","
  [693,]"
"1","  -7.032626"
"1","
  [694,]"
"1","  -6.325672"
"1","
  [695,]"
"1","  -5.125146"
"1","
  [696,]"
"1","  -5.600993"
"1","
  [697,]"
"1","  -5.999318"
"1","
  [698,]"
"1","  -6.365797"
"1","
  [699,]"
"1","  -4.684164"
"1","
  [700,]"
"1","  -5.745228"
"1","
  [701,]"
"1","  -7.055999"
"1","
  [702,]"
"1","  -6.136249"
"1","
  [703,]"
"1","  -6.603720"
"1","
  [704,]"
"1","  -6.717472"
"1","
  [705,]"
"1","  -7.456077"
"1","
  [706,]"
"1","  -5.955395"
"1","
  [707,]"
"1","  -6.369497"
"1","
  [708,]"
"1","  -7.251558"
"1","
  [709,]"
"1","  -6.335216"
"1","
  [710,]"
"1","  -4.934651"
"1","
  [711,]"
"1","  -6.065056"
"1","
  [712,]"
"1","  -4.104207"
"1","
  [713,]"
"1","  -6.125925"
"1","
  [714,]"
"1","  -7.559018"
"1","
  [715,]"
"1","  -4.087261"
"1","
  [716,]"
"1","  -6.219225"
"1","
  [717,]"
"1","  -6.568465"
"1","
  [718,]"
"1","  -6.406993"
"1","
  [719,]"
"1","  -7.748539"
"1","
  [720,]"
"1","  -6.907187"
"1","
  [721,]"
"1","  -6.001266"
"1","
  [722,]"
"1","  -5.175789"
"1","
  [723,]"
"1","  -4.636833"
"1","
  [724,]"
"1","  -6.087554"
"1","
  [725,]"
"1","  -3.647156"
"1","
  [726,]"
"1","  -5.455688"
"1","
  [727,]"
"1","  -4.727406"
"1","
  [728,]"
"1","  -5.758960"
"1","
  [729,]"
"1","  -5.796747"
"1","
  [730,]"
"1","  -4.712407"
"1","
  [731,]"
"1","  -6.867452"
"1","
  [732,]"
"1","  -5.112291"
"1","
  [733,]"
"1","  -4.595929"
"1","
  [734,]"
"1","  -7.956759"
"1","
  [735,]"
"1","  -6.722731"
"1","
  [736,]"
"1","  -5.088430"
"1","
  [737,]"
"1","  -4.567978"
"1","
  [738,]"
"1","  -3.797624"
"1","
  [739,]"
"1","  -7.157577"
"1","
  [740,]"
"1","  -4.496591"
"1","
  [741,]"
"1","  -6.000000"
"1","
  [742,]"
"1","  -5.515095"
"1","
  [743,]"
"1","  -6.868329"
"1","
  [744,]"
"1","  -6.337943"
"1","
  [745,]"
"1","  -7.680366"
"1","
  [746,]"
"1","  -6.829178"
"1","
  [747,]"
"1","  -6.706175"
"1","
  [748,]"
"1","  -6.104499"
"1","
  [749,]"
"1","  -4.801227"
"1","
  [750,]"
"1","  -6.783502"
"1","
  [751,]"
"1","  -8.798305"
"1","
  [752,]"
"1","  -5.097098"
"1","
  [753,]"
"1","  -5.991624"
"1","
  [754,]"
"1","  -5.802883"
"1","
  [755,]"
"1","  -5.034573"
"1","
  [756,]"
"1","  -5.885762"
"1","
  [757,]"
"1","  -6.078204"
"1","
  [758,]"
"1","  -6.774640"
"1","
  [759,]"
"1","  -6.088722"
"1","
  [760,]"
"1","  -4.902707"
"1","
  [761,]"
"1","  -6.094468"
"1","
  [762,]"
"1","  -6.511005"
"1","
  [763,]"
"1","  -6.246299"
"1","
  [764,]"
"1","  -5.311161"
"1","
  [765,]"
"1","  -6.393066"
"1","
  [766,]"
"1","  -6.288664"
"1","
  [767,]"
"1","  -4.178224"
"1","
  [768,]"
"1","  -6.162057"
"1","
  [769,]"
"1","  -5.006915"
"1","
  [770,]"
"1","  -5.642384"
"1","
  [771,]"
"1","  -5.700429"
"1","
  [772,]"
"1","  -4.873393"
"1","
  [773,]"
"1","  -7.083268"
"1","
  [774,]"
"1","  -5.267433"
"1","
  [775,]"
"1","  -6.431827"
"1","
  [776,]"
"1","  -6.311063"
"1","
  [777,]"
"1","  -5.109953"
"1","
  [778,]"
"1","  -4.455980"
"1","
  [779,]"
"1","  -6.079568"
"1","
  [780,]"
"1","  -5.530580"
"1","
  [781,]"
"1","  -6.490456"
"1","
  [782,]"
"1","  -5.395014"
"1","
  [783,]"
"1","  -4.560382"
"1","
  [784,]"
"1","  -4.423938"
"1","
  [785,]"
"1","  -4.919751"
"1","
  [786,]"
"1","  -6.371445"
"1","
  [787,]"
"1","  -6.491624"
"1","
  [788,]"
"1","  -5.823529"
"1","
  [789,]"
"1","  -7.032139"
"1","
  [790,]"
"1","  -3.783307"
"1","
  [791,]"
"1","  -6.476042"
"1","
  [792,]"
"1","  -5.110927"
"1","
  [793,]"
"1","  -7.002045"
"1","
  [794,]"
"1","  -8.078886"
"1","
  [795,]"
"1","  -6.005551"
"1","
  [796,]"
"1","  -6.658940"
"1","
  [797,]"
"1","  -6.691858"
"1","
  [798,]"
"1","  -6.145111"
"1","
  [799,]"
"1","  -4.917998"
"1","
  [800,]"
"1","  -6.551519"
"1","
  [801,]"
"1","  -4.808726"
"1","
  [802,]"
"1","  -6.549377"
"1","
  [803,]"
"1","  -6.534184"
"1","
  [804,]"
"1","  -4.776880"
"1","
  [805,]"
"1","  -6.090962"
"1","
  [806,]"
"1","  -4.134982"
"1","
  [807,]"
"1","  -6.841352"
"1","
  [808,]"
"1","  -6.052883"
"1","
  [809,]"
"1","  -5.157382"
"1","
  [810,]"
"1","  -4.124757"
"1","
  [811,]"
"1","  -5.125341"
"1","
  [812,]"
"1","  -6.332197"
"1","
  [813,]"
"1","  -6.641508"
"1","
  [814,]"
"1","  -3.751461"
"1","
  [815,]"
"1","  -3.971075"
"1","
  [816,]"
"1","  -6.062232"
"1","
  [817,]"
"1","  -4.895306"
"1","
  [818,]"
"1","  -6.581905"
"1","
  [819,]"
"1","  -4.991624"
"1","
  [820,]"
"1","  -5.265972"
"1","
  [821,]"
"1","  -5.282528"
"1","
  [822,]"
"1","  -5.634788"
"1","
  [823,]"
"1","  -7.936307"
"1","
  [824,]"
"1","  -4.866868"
"1","
  [825,]"
"1","  -6.748637"
"1","
  [826,]"
"1","  -5.688547"
"1","
  [827,]"
"1","  -3.734223"
"1","
  [828,]"
"1","  -5.051032"
"1","
  [829,]"
"1","  -4.442248"
"1","
  [830,]"
"1","  -6.833853"
"1","
  [831,]"
"1","  -5.283892"
"1","
  [832,]"
"1","  -6.220686"
"1","
  [833,]"
"1","  -6.811550"
"1","
  [834,]"
"1","  -7.023861"
"1","
  [835,]"
"1","  -6.010226"
"1","
  [836,]"
"1","  -5.823724"
"1","
  [837,]"
"1","  -4.414005"
"1","
  [838,]"
"1","  -6.416926"
"1","
  [839,]"
"1","  -7.012076"
"1","
  [840,]"
"1","  -5.960460"
"1","
  [841,]"
"1","  -6.655142"
"1","
  [842,]"
"1","  -6.680269"
"1","
  [843,]"
"1","  -4.813498"
"1","
  [844,]"
"1","  -5.001948"
"1","
  [845,]"
"1","  -7.196046"
"1","
  [846,]"
"1","  -6.070900"
"1","
  [847,]"
"1","  -5.760031"
"1","
  [848,]"
"1","  -5.473413"
"1","
  [849,]"
"1","  -4.216303"
"1","
  [850,]"
"1","  -3.074698"
"1","
  [851,]"
"1","  -5.352454"
"1","
  [852,]"
"1","  -6.061550"
"1","
  [853,]"
"1","  -7.281847"
"1","
  [854,]"
"1","  -6.351967"
"1","
  [855,]"
"1","  -6.325867"
"1","
  [856,]"
"1","  -6.174815"
"1","
  [857,]"
"1","  -6.438450"
"1","
  [858,]"
"1","  -5.550058"
"1","
  [859,]"
"1","  -5.442443"
"1","
  [860,]"
"1","  -4.940495"
"1","
  [861,]"
"1","  -6.589794"
"1","
  [862,]"
"1","  -5.535547"
"1","
  [863,]"
"1","  -5.930074"
"1","
  [864,]"
"1","  -4.369497"
"1","
  [865,]"
"1","  -5.042754"
"1","
  [866,]"
"1","  -5.890242"
"1","
  [867,]"
"1","  -6.287495"
"1","
  [868,]"
"1","  -7.438255"
"1","
  [869,]"
"1","  -5.880308"
"1","
  [870,]"
"1","  -6.845053"
"1","
  [871,]"
"1","  -4.988995"
"1","
  [872,]"
"1","  -6.579957"
"1","
  [873,]"
"1","  -6.546260"
"1","
  [874,]"
"1","  -5.129236"
"1","
  [875,]"
"1","  -4.388294"
"1","
  [876,]"
"1","  -5.298500"
"1","
  [877,]"
"1","  -6.311843"
"1","
  [878,]"
"1","  -5.971660"
"1","
  [879,]"
"1","  -6.506817"
"1","
  [880,]"
"1","  -6.387709"
"1","
  [881,]"
"1","  -8.315251"
"1","
  [882,]"
"1","  -4.943709"
"1","
  [883,]"
"1","  -8.388489"
"1","
  [884,]"
"1","  -6.567102"
"1","
  [885,]"
"1","  -5.882937"
"1","
  [886,]"
"1","  -6.943124"
"1","
  [887,]"
"1","  -5.082002"
"1","
  [888,]"
"1","  -4.792072"
"1","
  [889,]"
"1","  -4.754967"
"1","
  [890,]"
"1","  -4.002532"
"1","
  [891,]"
"1","  -5.390436"
"1","
  [892,]"
"1","  -6.895793"
"1","
  [893,]"
"1","  -5.431827"
"1","
  [894,]"
"1","  -7.106058"
"1","
  [895,]"
"1","  -5.285742"
"1","
  [896,]"
"1","  -5.760908"
"1","
  [897,]"
"1","  -6.069634"
"1","
  [898,]"
"1","  -6.918290"
"1","
  [899,]"
"1","  -7.007012"
"1","
  [900,]"
"1","  -6.264511"
"1","
  [901,]"
"1","  -8.077230"
"1","
  [902,]"
"1","  -5.521718"
"1","
  [903,]"
"1","  -7.875438"
"1","
  [904,]"
"1","  -5.053857"
"1","
  [905,]"
"1","  -4.360538"
"1","
  [906,]"
"1","  -4.862972"
"1","
  [907,]"
"1","  -5.106155"
"1","
  [908,]"
"1","  -6.897643"
"1","
  [909,]"
"1","  -6.125730"
"1","
  [910,]"
"1","  -5.129236"
"1","
  [911,]"
"1","  -5.929782"
"1","
  [912,]"
"1","  -6.193222"
"1","
  [913,]"
"1","  -6.089501"
"1","
  [914,]"
"1","  -5.837943"
"1","
  [915,]"
"1","  -4.771718"
"1","
  [916,]"
"1","  -6.410206"
"1","
  [917,]"
"1","  -5.757304"
"1","
  [918,]"
"1","  -5.905337"
"1","
  [919,]"
"1","  -7.094566"
"1","
  [920,]"
"1","  -4.853720"
"1","
  [921,]"
"1","  -6.130503"
"1","
  [922,]"
"1","  -6.936210"
"1","
  [923,]"
"1","  -5.931437"
"1","
  [924,]"
"1","  -3.061161"
"1","
  [925,]"
"1","  -5.954714"
"1","
  [926,]"
"1","  -6.800156"
"1","
  [927,]"
"1","  -3.646669"
"1","
  [928,]"
"1","  -4.677542"
"1","
  [929,]"
"1","  -6.472536"
"1","
  [930,]"
"1","  -5.418874"
"1","
  [931,]"
"1","  -3.716498"
"1","
  [932,]"
"1","  -4.985197"
"1","
  [933,]"
"1","  -7.408259"
"1","
  [934,]"
"1","  -3.825575"
"1","
  [935,]"
"1","  -6.537008"
"1","
  [936,]"
"1","  -6.792852"
"1","
  [937,]"
"1","  -4.712894"
"1","
  [938,]"
"1","  -5.582295"
"1","
  [939,]"
"1","  -3.985781"
"1","
  [940,]"
"1","  -5.134496"
"1","
  [941,]"
"1","  -3.159233"
"1","
  [942,]"
"1","  -6.288372"
"1","
  [943,]"
"1","  -6.305025"
"1","
  [944,]"
"1","  -7.017920"
"1","
  [945,]"
"1","  -6.356642"
"1","
  [946,]"
"1","  -6.167705"
"1","
  [947,]"
"1","  -6.200623"
"1","
  [948,]"
"1","  -3.700234"
"1","
  [949,]"
"1","  -5.426763"
"1","
  [950,]"
"1","  -5.791488"
"1","
  [951,]"
"1","  -5.269381"
"1","
  [952,]"
"1","  -6.285645"
"1","
  [953,]"
"1","  -6.904655"
"1","
  [954,]"
"1","  -6.943319"
"1","
  [955,]"
"1","  -6.729159"
"1","
  [956,]"
"1","  -8.266459"
"1","
  [957,]"
"1","  -6.208707"
"1","
  [958,]"
"1","  -5.424718"
"1","
  [959,]"
"1","  -5.635080"
"1","
  [960,]"
"1","  -6.104986"
"1","
  [961,]"
"1","  -5.504480"
"1","
  [962,]"
"1","  -5.165368"
"1","
  [963,]"
"1","  -7.583950"
"1","
  [964,]"
"1","  -5.070608"
"1","
  [965,]"
"1","  -4.791488"
"1","
  [966,]"
"1","  -7.271426"
"1","
  [967,]"
"1","  -5.943514"
"1","
  [968,]"
"1","  -6.546552"
"1","
  [969,]"
"1","  -6.310284"
"1","
  [970,]"
"1","  -5.681145"
"1","
  [971,]"
"1","  -6.105279"
"1","
  [972,]"
"1","  -4.639365"
"1","
  [973,]"
"1","  -5.793825"
"1","
  [974,]"
"1","  -6.550448"
"1","
  [975,]"
"1","  -5.025711"
"1","
  [976,]"
"1","  -6.227308"
"1","
  [977,]"
"1","  -6.579373"
"1","
  [978,]"
"1","  -5.345345"
"1","
  [979,]"
"1","  -4.706272"
"1","
  [980,]"
"1","  -6.565251"
"1","
  [981,]"
"1","  -6.210849"
"1","
  [982,]"
"1","  -6.101286"
"1","
  [983,]"
"1","  -5.243377"
"1","
  [984,]"
"1","  -5.451500"
"1","
  [985,]"
"1","  -6.552104"
"1","
  [986,]"
"1","  -5.977892"
"1","
  [987,]"
"1","  -7.096806"
"1","
  [988,]"
"1","  -5.253409"
"1","
  [989,]"
"1","  -3.364628"
"1","
  [990,]"
"1","  -6.599630"
"1","
  [991,]"
"1","  -7.338917"
"1","
  [992,]"
"1","  -6.468933"
"1","
  [993,]"
"1","  -4.139365"
"1","
  [994,]"
"1","  -5.379821"
"1","
  [995,]"
"1","  -6.046552"
"1","
  [996,]"
"1","  -4.810577"
"1","
  [997,]"
"1","  -6.263050"
"1","
  [998,]"
"1","  -7.282041"
"1","
  [999,]"
"1","  -6.467277"
"1","
 [1000,]"
"1","  -7.183580"
"1","
"
"1"," [ reached getOption(""max.print"") -- omitted 9000 rows ]
"
"0","str(pen_boot)"
"1","List"
"1",""
"1"," of "
"1",""
"1","12"
"1",""
"1","
"
"1"," "
"1",""
"1","$ "
"1",""
"1","t0       "
"1",""
"1",":"
"1"," num "
"1",""
"1","-5.87"
"1",""
"1","
"
"1"," "
"1",""
"1","$ "
"1",""
"1","t        "
"1",""
"1",":"
"1"," num [1:10000, 1] "
"1",""
"1","-4.8 -6.48 -7.21 -7.78 -6.45"
"1",""
"1"," ..."
"1",""
"1","
"
"1"," "
"1",""
"1","$ "
"1",""
"1","R        "
"1",""
"1",":"
"1"," num "
"1",""
"1","10000"
"1",""
"1","
"
"1"," "
"1",""
"1","$ "
"1",""
"1","data     "
"1",""
"1",":"
"1"," int [1:219] "
"1",""
"1","181 186 195 193 190 181 195 193 190 186"
"1",""
"1"," ..."
"1",""
"1","
"
"1"," "
"1",""
"1","$ "
"1",""
"1","seed     "
"1",""
"1",":"
"1"," int [1:626] "
"1",""
"1","10403 10 -2097420138 865826880 -2046975741 1788349729 -442262000 -1412108818 1559749017 -400282069"
"1",""
"1"," ..."
"1",""
"1","
"
"1"," "
"1",""
"1","$ "
"1",""
"1","statistic"
"1",""
"1",":"
"1","function (x, idx) "
"1"," "
"1","
"
"1"," "
"1",""
"1","$ "
"1",""
"1","sim      "
"1",""
"1",":"
"1"," chr "
"1",""
"1","""ordinary"""
"1",""
"1","
"
"1"," "
"1",""
"1","$ "
"1",""
"1","call     "
"1",""
"1",":"
"1"," language "
"1",""
"1","boot(data = c(sample1, sample2), statistic = boot.func, R = R, strata = ind,      weights = weights)"
"1",""
"1","
"
"1"," "
"1",""
"1","$ "
"1",""
"1","stype    "
"1",""
"1",":"
"1"," chr "
"1",""
"1","""i"""
"1",""
"1","
"
"1"," "
"1",""
"1","$ "
"1",""
"1","strata   "
"1",""
"1",":"
"1"," num [1:219] "
"1",""
"1","1 1 1 1 1 1 1 1 1 1"
"1",""
"1"," ..."
"1",""
"1","
"
"1"," "
"1",""
"1","$ "
"1",""
"1","weights  "
"1",""
"1",":"
"1"," num [1:219] "
"1",""
"1","0.00662 0.00662 0.00662 0.00662 0.00662"
"1",""
"1"," ..."
"1",""
"1","
"
"1"," "
"1",""
"1","$ "
"1",""
"1","student  "
"1",""
"1",":"
"1"," logi "
"1",""
"1","FALSE"
"1",""
"1","
"
"1"," "
"1",""
"1","- attr(*, ""class"")="
"1"," chr "
"1",""
"1","""simpleboot"""
"1",""
"1","
"
"1"," "
"1",""
"1","- attr(*, ""boot_type"")="
"1"," chr "
"1",""
"1","""boot"""
"1",""
"1","
"
"0","pen_sd = sd(pen_boot$t)"
"0","pen_sd"
"1","[1]"
"1"," 1.008073"
"1","
"
"0","hist(pen_boot$t,"
"0","     main = ""Bootstrapped Difference of Means"","
"0","     xlab = ""(Adelie - Chinstrap) Flipper Lengths"""
"0","     )"
